{"IcoMoonType":"selection","icons":[{"icon":{"paths":["M389.714 574.857v372l-389.714-53.714v-318.286h389.714zM389.714 150.286v376.571h-389.714v-322.857zM950.857 574.857v449.143l-518.286-71.429v-377.714h518.286zM950.857 73.143v453.714h-518.286v-382.286z"],"width":950.8571428571428,"attrs":[],"isMulticolor":false,"isMulticolor2":false,"tags":["windows"],"defaultCode":61818,"grid":14},"attrs":[],"properties":{"name":"windows","id":341,"order":7,"prevSize":28,"code":61818},"setIdx":0,"setId":2,"iconIdx":341},{"icon":{"paths":["M281.714 276c12.571 0 22.286-10.286 22.286-22.286s-9.714-22.286-22.286-22.286c-12 0-21.714 10.286-21.714 22.286s9.714 22.286 21.714 22.286zM522.857 276c12 0 21.714-10.286 21.714-22.286s-9.714-22.286-21.714-22.286c-12.571 0-22.286 10.286-22.286 22.286s9.714 22.286 22.286 22.286zM58.857 381.143c32 0 58.286 26.286 58.286 58.286v245.714c0 32.571-25.714 58.857-58.286 58.857s-58.857-26.286-58.857-58.857v-245.714c0-32 26.286-58.286 58.857-58.286zM664.571 392v380.571c0 34.857-28 62.857-62.286 62.857h-42.857v129.714c0 32.571-26.286 58.857-58.857 58.857s-58.857-26.286-58.857-58.857v-129.714h-78.857v129.714c0 32.571-26.286 58.857-58.857 58.857-32 0-58.286-26.286-58.286-58.857l-0.571-129.714h-42.286c-34.857 0-62.857-28-62.857-62.857v-380.571h524.571zM532 160.571c80 41.143 134.286 120 134.286 210.857h-528.571c0-90.857 54.286-169.714 134.857-210.857l-40.571-74.857c-2.286-4-1.143-9.143 2.857-11.429 4-1.714 9.143-0.571 11.429 3.429l41.143 75.429c34.857-15.429 73.714-24 114.857-24s80 8.571 114.857 24l41.143-75.429c2.286-4 7.429-5.143 11.429-3.429 4 2.286 5.143 7.429 2.857 11.429zM804.571 439.429v245.714c0 32.571-26.286 58.857-58.857 58.857-32 0-58.286-26.286-58.286-58.857v-245.714c0-32.571 26.286-58.286 58.286-58.286 32.571 0 58.857 25.714 58.857 58.286z"],"width":804.5714285714286,"attrs":[],"isMulticolor":false,"isMulticolor2":false,"tags":["android"],"defaultCode":61819,"grid":14},"attrs":[],"properties":{"name":"android","id":342,"order":8,"prevSize":28,"code":61819},"setIdx":0,"setId":2,"iconIdx":342},{"icon":{"paths":["M378.857 234.857v0c-11.429 1.143-7.429 11.429-13.714 11.429-5.714 0.571-4.571-12.571 13.714-11.429zM428.571 242.857c-5.714 1.714-6.286-9.143-16.571-6.286v0c16.571-7.429 22.286 4 16.571 6.286zM228 486.857c-5.143-1.714-4 8.571-9.143 16.571-4 7.429-14.286 13.143-6.286 14.286v0c2.857 0.571 10.857-6.286 14.286-14.286 2.857-9.714 5.714-14.857 1.143-16.571zM716.571 692c0-10.286-22.286-20-31.429-24 15.429-51.429 8.571-72-1.714-120.571-8-36.571-41.714-86.286-68-101.714 6.857 5.714 19.429 22.286 32.571 47.429 22.857 42.857 45.714 106.286 30.857 158.857-5.714 20.571-19.429 23.429-28.571 24-40 4.571-16.571-48-33.143-119.429-18.857-80-38.286-85.714-42.857-92-23.429-104-49.143-93.714-56.571-132.571-6.286-34.857 30.286-63.429-19.429-73.143-15.429-2.857-37.143-18.286-45.714-19.429s-13.143-57.714 18.857-59.429c31.429-2.286 37.143 35.429 31.429 50.286-9.143 14.857 0.571 20.571 16 15.429 12.571-4 4.571-37.143 7.429-41.714-8-48-28-54.857-48.571-58.857-78.857 6.286-43.429 93.143-51.429 85.143-11.429-12-44.571-1.143-44.571-8.571 0.571-44.571-14.286-70.286-34.857-70.857-22.857-0.571-32 31.429-33.143 49.714-1.714 17.143 9.714 53.143 18.286 50.286 5.714-1.714 15.429-13.143 5.143-12.571-5.143 0-13.143-12.571-14.286-27.429-0.571-14.857 5.143-29.714 24.571-29.143 22.286 0.571 22.286 45.143 20 46.857-7.429 5.143-16.571 14.857-17.714 16.571-7.429 12-21.714 15.429-27.429 20.571-9.714 10.286-12 21.714-4.571 25.714 26.286 14.857 17.714 32 54.286 33.143 24 1.143 41.714-3.429 58.286-8.571 12.571-4 53.143-12.571 61.714-27.429 4-6.286 8.571-6.286 11.429-4.571 5.714 2.857 6.857 13.714-7.429 17.143-20 5.714-40 16.571-58.286 23.429-17.714 7.429-23.429 10.286-40 13.143-37.714 6.857-65.714-13.714-40.571 10.857 8.571 8 16.571 13.143 38.286 12.571 48-1.714 101.143-59.429 106.286-33.714 1.143 5.714-14.857 12.571-27.429 18.857-44.571 21.714-76 65.143-104.571 50.286-25.714-13.714-51.429-77.143-50.857-48.571 0.571 44-57.714 82.857-30.857 133.143-17.714 4.571-57.143 88.571-62.857 132-3.429 25.143 2.286 56-4 73.143-8.571 25.143-47.429-24-34.857-84 2.286-10.286 0-12.571-2.857-7.429-15.429 28-6.857 67.429 5.714 94.857 5.143 12 18.286 17.143 28 27.429 20 22.857 98.857 81.143 112.571 95.429 17.714 16.571 12.571 55.429-24 59.429v0c18.857 35.429 37.143 38.857 36.571 96.571 21.714-11.429 13.143-36.571 4-52.571-6.286-11.429-14.286-16.571-12.571-19.429 1.143-1.714 12.571-11.429 18.857-4 19.429 21.714 56 25.714 94.857 20.571 39.429-4.571 81.714-18.286 101.143-49.714 9.143-14.857 15.429-20 19.429-17.143 4.571 2.286 6.286 12.571 5.714 29.714-0.571 18.286-8 37.143-13.143 52.571-5.143 17.714-6.857 29.714 10.286 30.286 4.571-32 13.714-63.429 16-95.429 2.857-36.571-23.429-104 5.143-137.714 7.429-9.143 16.571-10.286 29.143-10.286 1.714-45.714 72-42.286 95.429-23.429zM357.714 219.429c2.286-14.286-4.571-24.571-8-25.714-6.857-1.714-5.714 8.571-2.286 7.429v0c2.286 0 5.143 3.429 4 8.571-1.143 6.857-0.571 11.429 4.571 11.429 0.571 0 1.714 0 1.714-1.714zM597.143 332c-2.286-10.857-10.286-6.857-19.429-12.571-10.857-6.857-13.143-18.286-17.143-14.286v0c-12 13.143 14.857 40.571 26.286 42.857 6.857 1.143 12-8 10.286-16zM495.429 210.286c0.571-13.714-11.429-20.571-14.286-20-7.429 0.571-5.143 4-1.714 5.143v0c4.571 1.143 9.143 9.143 10.286 17.714 0 1.143 5.714-1.143 5.714-2.857zM526.286 77.143c0.571-2.857-6.857-6.286-12-10.286-4.571-4.571-9.143-8.571-13.714-8.571-11.429 1.143-5.714 13.143-7.429 18.857v0c-2.286 6.286-10.857 11.429-5.143 16 5.143 4 8.571-6.286 19.429-10.286 2.857-1.143 16 0.571 18.857-5.714zM849.143 843.429c70.286 43.429-26.286 79.429-68 100.571-32.571 16.571-76 53.143-92 68.571-12 11.429-61.714 17.143-89.714 2.857-32.571-16.571-15.429-42.857-65.714-44.571-25.143-0.571-49.714-0.571-74.286-0.571-21.714 0.571-43.429 1.714-65.714 2.286-75.429 1.714-82.857 50.286-131.429 48.571-33.143-1.143-74.857-27.429-146.857-42.286-50.286-10.286-98.857-13.143-109.143-35.429s12.571-47.429 14.286-69.143c1.714-29.143-21.714-68.571-4.571-83.429 14.857-13.143 46.286-3.429 66.857-14.857 21.714-12.571 30.857-22.286 30.857-49.143 8 27.429-0.571 49.714-18.286 60.571-10.857 6.857-30.857 10.286-47.429 8.571-13.143-1.143-21.143 0.571-24.571 5.714-5.143 6.286-3.429 17.714 2.857 32.571s13.714 24.571 12.571 42.857c-0.571 18.286-21.143 40-17.714 55.429 1.143 5.714 6.857 10.857 21.143 14.857 22.857 6.286 64.571 12.571 105.143 22.286 45.143 11.429 92 32 121.143 28 86.857-12 37.143-105.143 23.429-127.429v0c-73.714-115.429-122.286-190.857-161.143-161.143-9.714 8-10.286-19.429-9.714-30.286 1.714-37.714 20.571-51.429 32-80.571 21.714-55.429 38.286-118.857 71.429-151.429 24.571-32 63.429-84 70.857-111.429-6.286-59.429-8-122.286-9.143-177.143-1.143-58.857 8-110.286 74.286-146.286 16-8.571 37.143-12 59.429-12 39.429-0.571 83.429 10.857 111.429 31.429 44.571 33.143 72.571 103.429 69.143 153.714-2.286 39.429 4.571 80 17.143 122.286 14.857 49.714 38.286 84.571 76 124.571 45.143 48 80.571 142.286 90.857 202.286 9.143 56-3.429 90.857-15.429 92.571-18.286 2.857-29.714 60.571-86.857 58.286-36.571-1.714-40-23.429-50.286-42.286-16.571-29.143-33.143-20-39.429 10.857-3.429 15.429-1.143 38.286 4 55.429 10.286 36 6.857 69.714 0.571 111.429-12 78.857 55.429 93.714 100.571 56 44.571-37.143 54.286-42.857 110.286-62.286 85.143-29.143 56.571-54.857 10.857-70.286-41.143-13.714-42.857-82.857-28-96 3.429 74.286 42.286 85.143 58.286 95.429z"],"width":915.4559999999999,"attrs":[],"isMulticolor":false,"isMulticolor2":false,"tags":["linux"],"defaultCode":61820,"grid":14},"attrs":[],"properties":{"name":"linux","id":343,"order":9,"prevSize":28,"code":61820},"setIdx":0,"setId":2,"iconIdx":343}],"height":1024,"metadata":{"name":"icomoon"},"preferences":{"showGlyphs":true,"showQuickUse":true,"showQuickUse2":true,"showSVGs":true,"fontPref":{"prefix":"icon-","metadata":{"fontFamily":"icomoon"},"metrics":{"emSize":1024,"baseline":6.25,"whitespace":50},"embed":false},"imagePref":{"prefix":"icon-","png":true,"useClassSelector":true,"color":0,"bgColor":16777215,